channel_id,channel_title,description,published_at,thumbnail_url,country,playlist_likes,playlist_uploads,view_count,subscriber_count,video_count,topic_ids
UCX6OQ3DkcsbYNE6H8uQQuVA,MrBeast,"SUBSCRIBE FOR A COOKIE!
Accomplishments
- Raised $20,000,000 To Plant 20,000,000 Trees
- Given millions to charity
- Donated over 100 cars lol
- Gave away a private island
- Given away over 100 ps4s lol
- Gave away 1 million dollars in one video 
- Counted to 100k
- Read the Dictionary
- Watched Dance Till You're Dead For 10 Hours
- Read Bee Movie Script
- Read Longest English Word
- Watched Paint Dry
- Ubering Across America
- Watched It's Every Day Bro For 10 Hours
- Ran a marathon in the world's largest shoes
- Adopted every dog in a shelter
You get the point haha



*Do not email me asking for money, I give away money because it makes me happy :)",2012-02-20T00:43:50Z,https://yt3.ggpht.com/ytc/AGIKgqNRr7IEdQ7TplsO8BG-KjG19aCcCpVjiV9l36-9lQ=s88-c-k-c0x00ffffff-no-rj,US,,UUX6OQ3DkcsbYNE6H8uQQuVA,27236343686,160000000,739,"['/m/07c1v', '/m/02jjt', '/m/019_rr']"
UCIPPMRA040LQr5QPyJEbmXA,MrBeast Gaming,MrBeast Gaming - SUBSCRIBE OR ELSE,2020-04-07T18:46:13.80072Z,https://yt3.ggpht.com/ytc/AGIKgqMsDw267EtHsB0v9XohKR7bz1krkPNo1_3ViVM4ZQ=s88-c-k-c0x00ffffff-no-rj,US,,UUIPPMRA040LQr5QPyJEbmXA,5789793494,33300000,139,"['/m/0bzvm2', '/m/02ntfj', '/m/0403l3g', '/m/025zzc', '/m/03hf_rm']"
UCUaT_39o1x6qWjz7K2pWcgw,Beast Reacts,"SUBSCRIBE FOR A COOKIE
MrBeast and Chris react to the internet's favorite videos.",2016-04-24T20:43:46Z,https://yt3.ggpht.com/ytc/AGIKgqPCyU7sSAwA5ZUpVl0Gd_8YjjgIeh_t0uvwrLUeoA=s88-c-k-c0x00ffffff-no-rj,US,,UUUaT_39o1x6qWjz7K2pWcgw,4172163445,25600000,241,"['/m/02jjt', '/m/07c1v', '/m/019_rr']"
UC4-79UOlP48-QNGgCko5p2g,MrBeast 2,my second channel for other videos and shorts :) subscribe,2020-08-21T19:46:50.808253Z,https://yt3.ggpht.com/J7ANRfVmkOdP44qDLCaPuUtAukopBp37ambAkNnJvNQlzSel6Ryj_ZMDcVeDEDfnZ_O9Zhc5q-s=s88-c-k-c0x00ffffff-no-rj,US,,UU4-79UOlP48-QNGgCko5p2g,4325499732,25900000,115,"['/m/02jjt', '/m/019_rr']"
UC-lHJZR3Gqxm24_Vd_AJ5Yw,PewDiePie,I make videos.,2010-04-29T10:54:00Z,https://yt3.ggpht.com/5oUY3tashyxfqsjO5SGhjT4dus8FkN9CsAHwXWISFrdPYii1FudD4ICtLfuCw6-THJsJbgoY=s88-c-k-c0x00ffffff-no-rj,JP,,UU-lHJZR3Gqxm24_Vd_AJ5Yw,29020143393,111000000,4714,"['/m/025zzc', '/m/02ntfj', '/m/0bzvm2', '/m/0403l3g', '/m/019_rr']"
UCBJycsmduvYEL83R_U4JriQ,Marques Brownlee,"MKBHD: Quality Tech Videos | YouTuber | Geek | Consumer Electronics | Tech Head | Internet Personality!

business@MKBHD.com

NYC",2008-03-21T15:25:54Z,https://yt3.ggpht.com/lkH37D712tiyphnu0Id0D5MwwQ7IRuwgQLVD05iMXlDWO-kDHut3uI4MgIEAQ9StK0qOST7fiA=s88-c-k-c0x00ffffff-no-rj,US,,UUBJycsmduvYEL83R_U4JriQ,3561139193,17100000,1556,"['/m/019_rr', '/m/07c1v']"
UCmDTrq0LNgPodDOFZiSbsww,xQc,"My personal YouTube channel. Guides and highlights from www.twitch.tv/xQc

Please send a message to the contact below with any issues, concerns, or recommendations!

Managed by 
dailydoseofxqc@gmail.com
https://twitter.com/DailyDoseofxQc

arthmngmt@gmail.com
https://twitter.com/Arthium
",2015-03-08T22:03:48Z,https://yt3.ggpht.com/hpM847jO7S4k41eWMFSlRc1NSVTuD14iaHSsvv2ZGMIqQ1SKI1HGXo5dpThtgjChPTlh_WMHNQ=s88-c-k-c0x00ffffff-no-rj,CA,,UUmDTrq0LNgPodDOFZiSbsww,1527670180,2280000,4875,"['/m/02ntfj', '/m/0bzvm2', '/m/025zzc', '/m/0403l3g']"
UCiGm_E4ZwYSHV3bcW1pnSeQ,Billie Eilish,,2013-02-06T23:21:04Z,https://yt3.ggpht.com/ytc/AGIKgqOE2odAevc22sdCkQsZ3of410-sHBKA5ZhjeBxaZQ=s88-c-k-c0x00ffffff-no-rj-mo,US,,UUiGm_E4ZwYSHV3bcW1pnSeQ,13510876845,47800000,54,"['/m/064t9', '/m/05rwpb', '/m/04rlf']"
